{
  "abstract_algebra": 0.48,
  "anatomy": 0.6296296296296297,
  "astronomy": 0.7960526315789473,
  "business_ethics": 0.78,
  "clinical_knowledge": 0.7773584905660378,
  "college_biology": 0.8472222222222222,
  "college_chemistry": 0.51,
  "college_computer_science": 0.57,
  "college_mathematics": 0.43,
  "college_medicine": 0.6705202312138728,
  "college_physics": 0.43137254901960786,
  "computer_security": 0.82,
  "conceptual_physics": 0.7063829787234043,
  "econometrics": 0.543859649122807,
  "electrical_engineering": 0.6,
  "elementary_mathematics": 0.544973544973545,
  "formal_logic": 0.6031746031746031,
  "global_facts": 0.42,
  "high_school_biology": 0.8580645161290322,
  "high_school_chemistry": 0.6305418719211823,
  "high_school_computer_science": 0.72,
  "high_school_european_history": 0.793939393939394,
  "high_school_geography": 0.8383838383838383,
  "high_school_government_and_politics": 0.917098445595855,
  "high_school_macroeconomics": 0.7256410256410256,
  "high_school_mathematics": 0.35555555555555557,
  "high_school_microeconomics": 0.8697478991596639,
  "high_school_physics": 0.5695364238410596,
  "high_school_psychology": 0.8972477064220183,
  "high_school_statistics": 0.6064814814814815,
  "high_school_us_history": 0.8137254901960784,
  "high_school_world_history": 0.8354430379746836,
  "human_aging": 0.7174887892376681,
  "human_sexuality": 0.7862595419847328,
  "international_law": 0.8016528925619835,
  "jurisprudence": 0.7962962962962963,
  "logical_fallacies": 0.8220858895705522,
  "machine_learning": 0.49107142857142855,
  "management": 0.8737864077669902,
  "marketing": 0.905982905982906,
  "medical_genetics": 0.77,
  "miscellaneous": 0.8390804597701149,
  "moral_disputes": 0.7341040462427746,
  "moral_scenarios": 0.5128491620111731,
  "nutrition": 0.7549019607843137,
  "philosophy": 0.7234726688102894,
  "prehistory": 0.7685185185185185,
  "professional_accounting": 0.5815602836879432,
  "professional_law": 0.5176010430247718,
  "professional_medicine": 0.7536764705882353,
  "professional_psychology": 0.7516339869281046,
  "public_relations": 0.6727272727272727,
  "security_studies": 0.7591836734693878,
  "sociology": 0.8507462686567164,
  "us_foreign_policy": 0.85,
  "virology": 0.5060240963855421,
  "world_religions": 0.8070175438596491
}